{"success":true,"message":"","result":{"Bid":0.00319157,"Ask":0.00320176,"Last":0.00320176}}