{"success":true,"message":"","result":{"Bid":0.00319430,"Ask":0.00322862,"Last":0.00320176}}