{"success":true,"message":"","result":{"Bid":0.00319500,"Ask":0.00322733,"Last":0.00320176}}