{
  "bids": [
    [
      1181.47,
      0.78
    ],
    [
      1179.97,
      1.32
    ],
    [
      1179.47,
      1.21
    ],
    [
      1178.97,
      0.24
    ],
    [
      1178.47,
      0.33
    ],
    [
      1177.97,
      0.85
    ],
    [
      1176.97,
      1.16
    ],
    [
      1175.37,
      0.67
    ],
    [
      1174.37,
      0.63
    ],
    [
      1173.34,
      0.5
    ],
    [
      1172.14,
      0.55
    ],
    [
      1171.14,
      1.32
    ],
    [
      1169.14,
      0.41
    ],
    [
      1167.14,
      0.91
    ],
    [
      1165.14,
      0.11
    ],
    [
      1163.14,
      0.86
    ],
    [
      1161.14,
      0.2
    ],
    [
      1155.14,
      1.1
    ],
    [
      1120.48,
      0.0797
    ],
    [
      1062.01,
      0.86
    ],
    [
      1049.03,
      0.0056
    ],
    [
      1048.94,
      0.0018
    ],
    [
      1048.79,
      0.0034
    ],
    [
      1047.62,
      0.0071
    ],
    [
      1046.58,
      0.0094
    ],
    [
      1045.44,
      0.35
    ],
    [
      1044.25,
      0.68
    ],
    [
      1044.24,
      0.68
    ],
    [
      1043.51,
      0.43
    ],
    [
      1043.29,
      0.86
    ],
    [
      1043.03,
      1.96
    ],
    [
      1042.88,
      0.86
    ],
    [
      1042.62,
      0.35
    ],
    [
      1042.42,
      0.73
    ],
    [
      1042.4,
      2.2
    ],
    [
      1042.26,
      0.86
    ],
    [
      1042.08,
      1.22
    ],
    [
      1041.72,
      2.56
    ],
    [
      1041.44,
      1.98
    ],
    [
      1041.33,
      2.56
    ],
    [
      1041.27,
      1.56
    ],
    [
      1041.05,
      1.56
    ],
    [
      1040.93,
      2.56
    ],
    [
      1040.92,
      2.56
    ],
    [
      1040.48,
      1.56
    ],
    [
      1039.23,
      2.8
    ],
    [
      1039.03,
      0.86
    ],
    [
      1038.67,
      1.22
    ],
    [
      1036.64,
      2.2
    ],
    [
      1035.87,
      1.22
    ],
    [
      967.54,
      0.0144
    ],
    [
      944.27,
      0.02925
    ],
    [
      944.13,
      0.0257
    ],
    [
      942.64,
      0.1543
    ],
    [
      930.7,
      0.85
    ],
    [
      928.33,
      1.21
    ],
    [
      926.73,
      0.66
    ],
    [
      926.71,
      0.24
    ],
    [
      560.0,
      0.00107
    ]
  ],
  "asks": [
    [
      1189.16,
      0.86
    ],
    [
      1189.79,
      1.0
    ],
    [
      1190.27,
      0.8
    ],
    [
      1190.47,
      1.01
    ],
    [
      1191.54,
      0.5
    ],
    [
      1192.04,
      0.8
    ],
    [
      1193.39,
      1.3
    ],
    [
      1193.99,
      0.2
    ],
    [
      1194.78,
      0.6
    ],
    [
      1195.48,
      0.2
    ],
    [
      1196.98,
      1.4
    ],
    [
      1200.98,
      0.67
    ],
    [
      1202.98,
      1.2
    ],
    [
      1206.98,
      1.0
    ],
    [
      1212.98,
      0.25
    ],
    [
      1214.96,
      0.23
    ],
    [
      1219.96,
      0.35
    ],
    [
      1222.5,
      1.0
    ],
    [
      1223.1,
      0.35
    ],
    [
      1223.5,
      0.35
    ]
  ]
}