{"asks":[[30299,0.4,0.2],[30390,0.057,0.05],[30399,1,0.05],[30400,0.2,0.1],[30699,5.435199,0.05],[30700,2,0.1],[31820,9.5090254,0.05],[39500,0.597,0.05]],"bids":[[29801,0.7321719,0.05],[29800,0.5,0.05],[29750,0.1808132,0.05],[29000,1,0.05],[28700,0.197,0.05],[28480,0.5595355,0.05],[28102,0.0724466,0.0724466],[28101,0.3,0.1],[27100,0.1,0.05],[27001,0.1261825,0.05],[27000,1,0.05],[26500,0.1,0.05],[25002,0.1,0.05],[25000,0.7961093,0.7],[25000,0.1,0.05],[25000,1,0.1],[24875,0.2,0.05],[24005,0.1,0.1],[24000,0.0720418,0.05],[24000,0.2,0.05],[23000,0.2,0.05],[22700,0.2,0.05],[22400,0.2,0.05],[18000,0.8,0.05],[14000,0.1000003,0.05],[5640,0.05,0.05],[5000,1,0.05]]}