{"success":true,"message":"","result":{"Bid":0.00378312,"Ask":0.00381891,"Last":0.00378331}}