{"success":true,"message":"","result":{"Bid":0.00380000,"Ask":0.00381939,"Last":0.00382050}}