{
  "bids": [
    [
      1049.27,
      0.0035
    ],
    [
      1045.79,
      0.3217
    ],
    [
      1042.5,
      1.32
    ],
    [
      1042.01,
      1.21
    ],
    [
      1041.3,
      0.24
    ],
    [
      1040.51,
      0.33
    ],
    [
      1039.81,
      0.85
    ],
    [
      1039.11,
      1.16
    ],
    [
      1038.51,
      0.67
    ],
    [
      1037.51,
      0.63
    ],
    [
      1036.32,
      0.5
    ],
    [
      1035.12,
      0.55
    ],
    [
      1034.12,
      1.32
    ],
    [
      1033.24,
      0.0772
    ],
    [
      1032.72,
      0.0119
    ],
    [
      1032.12,
      0.41
    ],
    [
      1032.03,
      0.6505
    ],
    [
      1030.12,
      0.91
    ],
    [
      1029.87,
      0.1866
    ],
    [
      1028.12,
      0.11
    ],
    [
      1026.12,
      0.86
    ],
    [
      1024.12,
      0.2
    ],
    [
      1023.15,
      0.21054
    ],
    [
      1018.12,
      1.1
    ],
    [
      1011.09,
      0.1186
    ],
    [
      997.61,
      0.061
    ],
    [
      996.68,
      0.0492
    ],
    [
      984.0,
      0.0942
    ],
    [
      954.56,
      0.41
    ],
    [
      934.77,
      0.0735
    ],
    [
      921.82,
      0.0538
    ],
    [
      916.78,
      0.22414
    ],
    [
      912.59,
      0.2112
    ],
    [
      912.18,
      1.32
    ],
    [
      911.99,
      0.026
    ],
    [
      910.19,
      0.85
    ],
    [
      910.09,
      0.85
    ],
    [
      903.22,
      0.2312
    ],
    [
      882.97,
      0.0535
    ],
    [
      875.87,
      1.32
    ],
    [
      875.59,
      0.072
    ],
    [
      875.21,
      0.039
    ],
    [
      875.18,
      0.0066
    ],
    [
      875.17,
      0.1104
    ],
    [
      875.15,
      0.0992
    ],
    [
      875.13,
      0.0572
    ],
    [
      875.09,
      0.1076
    ],
    [
      874.77,
      0.0498
    ],
    [
      874.52,
      0.0338
    ],
    [
      853.58,
      0.1784
    ],
    [
      829.88,
      0.2
    ],
    [
      821.83,
      0.16671
    ],
    [
      813.24,
      0.3074
    ],
    [
      809.15,
      0.4016
    ],
    [
      560.0,
      0.00107
    ]
  ],
  "asks": [
    [
      1052.38,
      0.6241
    ],
    [
      1052.65,
      0.86
    ],
    [
      1053.44,
      1.1
    ],
    [
      1054.31,
      1.23
    ],
    [
      1054.68,
      0.8
    ],
    [
      1055.08,
      0.5
    ],
    [
      1055.67,
      0.8
    ],
    [
      1057.81,
      1.3
    ],
    [
      1057.96,
      0.2
    ],
    [
      1058.76,
      0.6
    ],
    [
      1059.36,
      0.2
    ],
    [
      1060.2,
      1.4
    ],
    [
      1063.56,
      0.67
    ],
    [
      1064.97,
      1.2
    ],
    [
      1068.69,
      1.0
    ],
    [
      1074.8,
      0.25
    ],
    [
      1076.9,
      0.23
    ],
    [
      1082.32,
      0.35
    ],
    [
      1086.12,
      1.0
    ],
    [
      1086.78,
      0.35
    ],
    [
      1087.18,
      0.35
    ]
  ]
}