{"asks":[[26799,2.5696598,0.05],[26800,0.6,0.2],[27000,0.5,0.05],[27400,0.3,0.05],[28060,12.7414231,0.05],[28500,0.1,0.1]],"bids":[[26001,1.0746093,0.05],[26000,0.511844,0.05],[24840,0.6347559,0.05],[24500,1,0.1],[24343,0.0517,0.05],[24000,0.0720418,0.05],[22700,0.2,0.05],[22500,0.12,0.05],[22500,0.8845576,0.5],[22400,0.2,0.05],[21900,0.2,0.05],[21700,0.2,0.05],[20500,0.08,0.05],[20299,0.2,0.05],[19800,0.1,0.05],[19500,0.2,0.1],[19000,0.05,0.05],[14000,0.1,0.05],[5640,0.05,0.05],[5000,1,0.05]]}