{"success":true,"message":"","result":{"Bid":0.00377320,"Ask":0.00381866,"Last":0.00381593}}