{"success":true,"message":"","result":{"Bid":0.00378151,"Ask":0.00381865,"Last":0.00381865}}