{
  "bids": [
    [
      1049.27,
      0.0035
    ],
    [
      1046.19,
      1.32
    ],
    [
      1045.79,
      0.3217
    ],
    [
      1045.74,
      1.21
    ],
    [
      1044.89,
      0.24
    ],
    [
      1044.09,
      0.33
    ],
    [
      1043.51,
      0.85
    ],
    [
      1042.69,
      1.16
    ],
    [
      1042.09,
      0.67
    ],
    [
      1041.14,
      0.63
    ],
    [
      1039.89,
      0.5
    ],
    [
      1038.69,
      0.55
    ],
    [
      1037.81,
      1.32
    ],
    [
      1035.81,
      0.41
    ],
    [
      1033.81,
      0.91
    ],
    [
      1033.24,
      0.0772
    ],
    [
      1032.72,
      0.0119
    ],
    [
      1032.03,
      0.6505
    ],
    [
      1031.81,
      0.11
    ],
    [
      1029.87,
      0.1866
    ],
    [
      1029.81,
      0.86
    ],
    [
      1027.81,
      0.2
    ],
    [
      1023.15,
      0.21054
    ],
    [
      1021.81,
      1.1
    ],
    [
      1011.09,
      0.1186
    ],
    [
      997.61,
      0.061
    ],
    [
      996.68,
      0.0492
    ],
    [
      984.0,
      0.0942
    ],
    [
      954.56,
      0.41
    ],
    [
      934.77,
      0.0735
    ],
    [
      921.82,
      0.0538
    ],
    [
      916.78,
      0.22414
    ],
    [
      912.59,
      0.2112
    ],
    [
      912.18,
      1.32
    ],
    [
      911.99,
      0.026
    ],
    [
      910.19,
      0.85
    ],
    [
      910.09,
      0.85
    ],
    [
      903.22,
      0.2312
    ],
    [
      882.97,
      0.0535
    ],
    [
      875.87,
      1.32
    ],
    [
      875.59,
      0.072
    ],
    [
      875.21,
      0.039
    ],
    [
      875.18,
      0.0066
    ],
    [
      875.17,
      0.1104
    ],
    [
      875.15,
      0.0992
    ],
    [
      875.13,
      0.0572
    ],
    [
      875.09,
      0.1076
    ],
    [
      874.77,
      0.0498
    ],
    [
      874.52,
      0.0338
    ],
    [
      853.58,
      0.1784
    ],
    [
      829.88,
      0.2
    ],
    [
      821.83,
      0.16671
    ],
    [
      813.24,
      0.3074
    ],
    [
      809.15,
      0.4016
    ],
    [
      560.0,
      0.00107
    ]
  ],
  "asks": [
    [
      1052.38,
      0.6241
    ],
    [
      1055.94,
      0.86
    ],
    [
      1056.12,
      1.1
    ],
    [
      1056.41,
      0.8
    ],
    [
      1056.62,
      1.23
    ],
    [
      1056.92,
      0.5
    ],
    [
      1057.19,
      0.8
    ],
    [
      1058.09,
      1.3
    ],
    [
      1058.94,
      0.2
    ],
    [
      1059.72,
      0.6
    ],
    [
      1060.31,
      0.2
    ],
    [
      1061.85,
      1.4
    ],
    [
      1065.92,
      0.67
    ],
    [
      1067.69,
      1.2
    ],
    [
      1071.69,
      1.0
    ],
    [
      1077.69,
      0.25
    ],
    [
      1079.69,
      0.23
    ],
    [
      1084.68,
      0.35
    ],
    [
      1087.7,
      1.0
    ],
    [
      1088.3,
      0.35
    ],
    [
      1088.7,
      0.35
    ]
  ]
}