{"success":true,"message":"","result":{"Bid":0.00375012,"Ask":0.00377799,"Last":0.00375012}}