{"success":true,"message":"","result":{"Bid":0.00373273,"Ask":0.00376666,"Last":0.00372876}}