{
  "bids": [
    [
      1060.87,
      0.253
    ],
    [
      1060.46,
      0.0281
    ],
    [
      1058.73,
      0.24
    ],
    [
      1058.61,
      0.01
    ],
    [
      1057.98,
      0.33
    ],
    [
      1057.58,
      0.0097
    ],
    [
      1056.81,
      0.85
    ],
    [
      1056.08,
      1.16
    ],
    [
      1055.51,
      0.67
    ],
    [
      1054.93,
      0.24
    ],
    [
      1054.48,
      0.63
    ],
    [
      1053.33,
      0.5
    ],
    [
      1053.05,
      0.24
    ],
    [
      1052.58,
      1.32
    ],
    [
      1052.52,
      1.32
    ],
    [
      1052.51,
      2.64
    ],
    [
      1052.25,
      0.55
    ],
    [
      1051.25,
      1.32
    ],
    [
      1050.36,
      0.3786
    ],
    [
      1049.27,
      0.0035
    ],
    [
      1048.99,
      0.41
    ],
    [
      1046.99,
      0.91
    ],
    [
      1045.79,
      0.3217
    ],
    [
      1045.09,
      0.11
    ],
    [
      1042.06,
      0.86
    ],
    [
      1040.43,
      0.2
    ],
    [
      1035.95,
      1.1
    ],
    [
      1033.24,
      0.0772
    ],
    [
      1032.72,
      0.0119
    ],
    [
      1032.03,
      0.6505
    ],
    [
      1029.87,
      0.1866
    ],
    [
      1011.09,
      0.1186
    ],
    [
      997.61,
      0.061
    ],
    [
      996.68,
      0.0492
    ],
    [
      984.0,
      0.0942
    ],
    [
      954.56,
      0.41
    ],
    [
      934.77,
      0.0735
    ],
    [
      921.82,
      0.0538
    ],
    [
      916.78,
      0.22414
    ],
    [
      912.59,
      0.2112
    ],
    [
      912.18,
      1.32
    ],
    [
      911.99,
      0.026
    ],
    [
      910.19,
      0.85
    ],
    [
      910.09,
      0.85
    ],
    [
      903.22,
      0.2312
    ],
    [
      882.97,
      0.0535
    ],
    [
      875.87,
      1.32
    ],
    [
      875.59,
      0.072
    ],
    [
      875.21,
      0.039
    ],
    [
      875.18,
      0.0066
    ],
    [
      875.17,
      0.1104
    ],
    [
      875.15,
      0.0992
    ],
    [
      875.13,
      0.0572
    ],
    [
      875.09,
      0.1076
    ],
    [
      874.77,
      0.0498
    ],
    [
      874.52,
      0.0338
    ],
    [
      853.58,
      0.1784
    ],
    [
      829.88,
      0.2
    ],
    [
      821.83,
      0.16671
    ],
    [
      813.24,
      0.3074
    ],
    [
      809.15,
      0.4016
    ],
    [
      560.0,
      0.00107
    ]
  ],
  "asks": [
    [
      1060.89,
      0.0172
    ],
    [
      1062.55,
      1.1
    ],
    [
      1067.17,
      0.2
    ],
    [
      1070.27,
      0.86
    ],
    [
      1070.58,
      0.86
    ],
    [
      1070.78,
      1.1
    ],
    [
      1071.61,
      0.8
    ],
    [
      1071.81,
      1.23
    ],
    [
      1072.01,
      0.7
    ],
    [
      1072.51,
      0.8
    ],
    [
      1073.4,
      1.3
    ],
    [
      1074.01,
      0.2
    ],
    [
      1074.8,
      0.6
    ],
    [
      1075.51,
      0.2
    ],
    [
      1077.01,
      1.4
    ],
    [
      1081.01,
      0.67
    ],
    [
      1083.01,
      1.2
    ],
    [
      1086.95,
      0.23
    ],
    [
      1087.01,
      1.0
    ],
    [
      1093.01,
      0.25
    ],
    [
      1094.65,
      2.0
    ],
    [
      1095.01,
      0.23
    ],
    [
      1095.15,
      0.35
    ],
    [
      1095.57,
      0.35
    ],
    [
      1100.01,
      0.35
    ],
    [
      1103.01,
      1.0
    ],
    [
      1103.6,
      0.35
    ],
    [
      1103.98,
      0.35
    ]
  ]
}